First Name,Last Name,Company,Email,Website,City,Google Maps URL
,,La Shuk,rest@lashuk.biz,http://www.la-shuk.co.il/,Tel Aviv,https://maps.google.com/?cid=4438180702074238775&g_mp=Cidnb29nbGUubWFwcy5wbGFjZXMudjEuUGxhY2VzLlNlYXJjaFRleHQQAhgEIAA
,,Night Kitchen מטבח לילה,maja@email.com,http://ontopo.com/20745964?source=google,Tel Aviv,https://maps.google.com/?cid=6679594209564973860&g_mp=Cidnb29nbGUubWFwcy5wbGFjZXMudjEuUGxhY2VzLlNlYXJjaFRleHQQAhgEIAA
,,Vermuteria,VERMUTERIATLV@GMAIL.COM,http://www.vermuteria.co.il/,Tel Aviv,https://maps.google.com/?cid=7188829969244203771&g_mp=Cidnb29nbGUubWFwcy5wbGFjZXMudjEuUGxhY2VzLlNlYXJjaFRleHQQAhgEIAA
,,Café Noir,alon@noirgroup.co.il,https://www.cafenoir.co.il/,Tel Aviv,https://maps.google.com/?cid=6143719753392556059&g_mp=Cidnb29nbGUubWFwcy5wbGFjZXMudjEuUGxhY2VzLlNlYXJjaFRleHQQAhgEIAA
,,Pereh,maja@email.com,http://ontopo.com/he/il/page/45923189?source=google,Tel Aviv,https://maps.google.com/?cid=10104654013675887899&g_mp=Cidnb29nbGUubWFwcy5wbGFjZXMudjEuUGxhY2VzLlNlYXJjaFRleHQQAhgEIAA
,,Haachim,contact@haachim.co.il,http://www.haachim.co.il/,Tel Aviv,https://maps.google.com/?cid=12832236306590062449&g_mp=Cidnb29nbGUubWFwcy5wbGFjZXMudjEuUGxhY2VzLlNlYXJjaFRleHQQAhgEIAA
,,Ouzeria,office@ouzeria.co.il,http://www.ouzeria.co.il/,Tel Aviv,https://maps.google.com/?cid=10214284614297594225&g_mp=Cidnb29nbGUubWFwcy5wbGFjZXMudjEuUGxhY2VzLlNlYXJjaFRleHQQAhgEIAA
,,Baba Yaga,info@babayaga.co.il,http://www.babayaga.co.il/,Tel Aviv,https://maps.google.com/?cid=5168750921972025812&g_mp=Cidnb29nbGUubWFwcy5wbGFjZXMudjEuUGxhY2VzLlNlYXJjaFRleHQQAhgEIAA
,,Maza,maja@email.com,https://ontopo.com/he/il/page/36234429?source=google,Tel Aviv,https://maps.google.com/?cid=7930295159797775182&g_mp=Cidnb29nbGUubWFwcy5wbGFjZXMudjEuUGxhY2VzLlNlYXJjaFRleHQQAhgEIAA
,,Bar 51,Bar51tlv@gmail.com,https://www.bar51tlv.com/,Tel Aviv,https://maps.google.com/?cid=17323122169108976496&g_mp=Cidnb29nbGUubWFwcy5wbGFjZXMudjEuUGxhY2VzLlNlYXJjaFRleHQQAhgEIAA
,,Shila,no-reply@shila-rest.co.il,https://www.shila-rest.co.il/,Tel Aviv,https://maps.google.com/?cid=8961865688345507425&g_mp=Cidnb29nbGUubWFwcy5wbGFjZXMudjEuUGxhY2VzLlNlYXJjaFRleHQQAhgEIAA
,,Mashya,info@www.mashya.co.il,http://www.mashya.co.il/,Tel Aviv,https://maps.google.com/?cid=12551798299231993066&g_mp=Cidnb29nbGUubWFwcy5wbGFjZXMudjEuUGxhY2VzLlNlYXJjaFRleHQQAhgEIAA
,,Dallal Restaurant,marina@dallal.co.il,https://www.dallal.co.il/,Tel Aviv,https://maps.google.com/?cid=14161580275386188186&g_mp=Cidnb29nbGUubWFwcy5wbGFjZXMudjEuUGxhY2VzLlNlYXJjaFRleHQQAhgEIAA
,,קציר - Katzir Restaurant,restaurant.telaviv@kempinski.com,https://www.kempinski.com/en/the-david-kempinski-tel-aviv/restaurants-bars/katzir,Tel Aviv,https://maps.google.com/?cid=6684385577593968471&g_mp=Cidnb29nbGUubWFwcy5wbGFjZXMudjEuUGxhY2VzLlNlYXJjaFRleHQQAhgEIAA
,,Sun Young,info@sunyoung.co.il,https://sunyoung.co.il/,Tel Aviv,https://maps.google.com/?cid=8920671839363947815&g_mp=Cidnb29nbGUubWFwcy5wbGFjZXMudjEuUGxhY2VzLlNlYXJjaFRleHQQAhgEIAA
,,Café Shneor,2orcaffe@gmail.com,http://www.shneor-cafe.com/,Tel Aviv,https://maps.google.com/?cid=17773006098489625039&g_mp=Cidnb29nbGUubWFwcy5wbGFjZXMudjEuUGxhY2VzLlNlYXJjaFRleHQQAhgEIAA
,,a,aresttlv@gmail.com,https://www.arestaurant.co.il/,Tel Aviv,https://maps.google.com/?cid=1160539894312976452&g_mp=Cidnb29nbGUubWFwcy5wbGFjZXMudjEuUGxhY2VzLlNlYXJjaFRleHQQAhgEIAA
,,Rama - ראמה,maja@email.com,http://ontopo.com/he/il/page/54040297?source=google,Tel Aviv,https://maps.google.com/?cid=18065547908258489446&g_mp=Cidnb29nbGUubWFwcy5wbGFjZXMudjEuUGxhY2VzLlNlYXJjaFRleHQQAhgEIAA
,,Eisan Thai Restaurant,praiyaja@gmail.com,http://www.eisan.co.il/,Tel Aviv,https://maps.google.com/?cid=9023196314290169774&g_mp=Cidnb29nbGUubWFwcy5wbGFjZXMudjEuUGxhY2VzLlNlYXJjaFRleHQQAhgEIAA
,,אלברט 1943 - Albert 1943 Bar & Restaurant,maja@email.com,https://ontopo.com/he/il/page/19084594?source=google,Tel Aviv,https://maps.google.com/?cid=15668533308939420418&g_mp=Cidnb29nbGUubWFwcy5wbGFjZXMudjEuUGxhY2VzLlNlYXJjaFRleHQQAhgEIAA
,,Balinjera,fantaprada25@gmail.com,https://balinjera.com/,Tel Aviv,https://maps.google.com/?cid=1269921913617066567&g_mp=Cidnb29nbGUubWFwcy5wbGFjZXMudjEuUGxhY2VzLlNlYXJjaFRleHQQAhgEIAA
,,7to1 Lab,maja@email.com,https://ontopo.co.il/7to1LAB?source=google,Tel Aviv,https://maps.google.com/?cid=10745910617054960728&g_mp=Cidnb29nbGUubWFwcy5wbGFjZXMudjEuUGxhY2VzLlNlYXJjaFRleHQQAhgEIAA
,,Pastel restaurant,managerpastel@gmail.com,http://www.pastel-tlv.com/,Tel Aviv,https://maps.google.com/?cid=12803097248621536148&g_mp=Cidnb29nbGUubWFwcy5wbGFjZXMudjEuUGxhY2VzLlNlYXJjaFRleHQQAhgEIAA
,,Gaijin izakaya,maja@email.com,http://ontopo.com/he/il/page/97659206?source=google,Tel Aviv,https://maps.google.com/?cid=13631293616783419250&g_mp=Cidnb29nbGUubWFwcy5wbGFjZXMudjEuUGxhY2VzLlNlYXJjaFRleHQQAhgEIAA
,,Machneyuda,info@mjlm.co.il,http://www.machneyuda.co.il/,Jerusalem,https://maps.google.com/?cid=3238945140610761052&g_mp=Cidnb29nbGUubWFwcy5wbGFjZXMudjEuUGxhY2VzLlNlYXJjaFRleHQQAhgEIAA
,,Satya,satyajerusalem@gmail.com,https://www.satya.co.il/,Jerusalem,https://maps.google.com/?cid=1022584505866472054&g_mp=Cidnb29nbGUubWFwcy5wbGFjZXMudjEuUGxhY2VzLlNlYXJjaFRleHQQAhgEIAA
,,Mojo's,itsmojos@gmail.com,http://itsmojos.com/,Jerusalem,https://maps.google.com/?cid=2785100997938112886&g_mp=Cidnb29nbGUubWFwcy5wbGFjZXMudjEuUGxhY2VzLlNlYXJjaFRleHQQAhgEIAA
,,Ishtabach,Ishtabach2023@gmail.com,https://www.ishtabach.co.il/,Jerusalem,https://maps.google.com/?cid=1702997159882302509&g_mp=Cidnb29nbGUubWFwcy5wbGFjZXMudjEuUGxhY2VzLlNlYXJjaFRleHQQAhgEIAA
,,Chakra,mail@chakrarest.com,http://www.chakrarest.com/,Jerusalem,https://maps.google.com/?cid=17531843836116221763&g_mp=Cidnb29nbGUubWFwcy5wbGFjZXMudjEuUGxhY2VzLlNlYXJjaFRleHQQAhgEIAA
,,Talbiye,nlevi111@gmail.com,http://www.talbiye.com/,Jerusalem,https://maps.google.com/?cid=13975651006699753588&g_mp=Cidnb29nbGUubWFwcy5wbGFjZXMudjEuUGxhY2VzLlNlYXJjaFRleHQQAhgEIAA
,,Angelica,info@angelica.co.il,https://angelicarest.com/,Jerusalem,https://maps.google.com/?cid=14420320502042831882&g_mp=Cidnb29nbGUubWFwcy5wbGFjZXMudjEuUGxhY2VzLlNlYXJjaFRleHQQAhgEIAA
,,Barood בארוד,maja@email.com,https://ontopo.com/en/il/page/84400928,Jerusalem,https://maps.google.com/?cid=3884527690904123833&g_mp=Cidnb29nbGUubWFwcy5wbGFjZXMudjEuUGxhY2VzLlNlYXJjaFRleHQQAhgEIAA
,,Coffee Nadi,cafe.nadi@gmail.com,http://www.naadicafe.com/,Jerusalem,https://maps.google.com/?cid=8225620282708986671&g_mp=Cidnb29nbGUubWFwcy5wbGFjZXMudjEuUGxhY2VzLlNlYXJjaFRleHQQAhgEIAA
,,The Eucalyptus,mosherest@gmail.com,http://www.the-eucalyptus.com/,Jerusalem,https://maps.google.com/?cid=17205483565774937776&g_mp=Cidnb29nbGUubWFwcy5wbGFjZXMudjEuUGxhY2VzLlNlYXJjaFRleHQQAhgEIAA
,,Andalucia Cocktail Bar,andalucia.kikar@gmail.com,https://kikar-hamusica.com/restaurants/he/andalucia-he/,Jerusalem,https://maps.google.com/?cid=14159261503662648325&g_mp=Cidnb29nbGUubWFwcy5wbGFjZXMudjEuUGxhY2VzLlNlYXJjaFRleHQQAhgEIAA
,,Sea Dolphin,reservations@seadolphin.co.il,http://www.seadolphin.co.il/,Jerusalem,https://maps.google.com/?cid=2075618403709946334&g_mp=Cidnb29nbGUubWFwcy5wbGFjZXMudjEuUGxhY2VzLlNlYXJjaFRleHQQAhgEIAA
,,נוקטורנו בית וקפה - Nocturno,address@domain.com,http://www.nocturno.co.il/,Jerusalem,https://maps.google.com/?cid=2417152260365013982&g_mp=Cidnb29nbGUubWFwcy5wbGFjZXMudjEuUGxhY2VzLlNlYXJjaFRleHQQAhgEIAA
,,Eataliano Dalla Costa,info@eataliano.co.il,https://eataliano.org/,Haifa,https://maps.google.com/?cid=8168867576685744176&g_mp=Cidnb29nbGUubWFwcy5wbGFjZXMudjEuUGxhY2VzLlNlYXJjaFRleHQQAhgEIAA
,,ראסיף 33,user@website.com,https://raseef33.co.il/,Haifa,https://maps.google.com/?cid=8484600814037059255&g_mp=Cidnb29nbGUubWFwcy5wbGFjZXMudjEuUGxhY2VzLlNlYXJjaFRleHQQAhgEIAA
,,Sinta-Bar,sintabar@sintagroup.co.il,http://www.sinta-bar.co.il/,Haifa,https://maps.google.com/?cid=18143081228605287907&g_mp=Cidnb29nbGUubWFwcy5wbGFjZXMudjEuUGxhY2VzLlNlYXJjaFRleHQQAhgEIAA
,,Garden Restaurant,garden.haifa@gmail.com,https://gardenrest.co.il/,Haifa,https://maps.google.com/?cid=7369016502943466904&g_mp=Cidnb29nbGUubWFwcy5wbGFjZXMudjEuUGxhY2VzLlNlYXJjaFRleHQQAhgEIAA
,,Libira ליבירה,info@libira.co.il,https://libira.co.il/,Haifa,https://maps.google.com/?cid=5239370878936377912&g_mp=Cidnb29nbGUubWFwcy5wbGFjZXMudjEuUGxhY2VzLlNlYXJjaFRleHQQAhgEIAA
,,The Duke,dukepub107@gmail.com,http://www.duke-pub.co.il/,Haifa,https://maps.google.com/?cid=8092502739139658808&g_mp=Cidnb29nbGUubWFwcy5wbGFjZXMudjEuUGxhY2VzLlNlYXJjaFRleHQQAhgEIAA
,,Shawatina,Shawatena@gmail.com,https://www.shawatina-haifa.com/,Haifa,https://maps.google.com/?cid=3427300668367929752&g_mp=Cidnb29nbGUubWFwcy5wbGFjZXMudjEuUGxhY2VzLlNlYXJjaFRleHQQAhgEIAA
,,ROLA,maja@email.com,https://ontopo.com/en/il/page/34883468,Haifa,https://maps.google.com/?cid=12644573564166849067&g_mp=Cidnb29nbGUubWFwcy5wbGFjZXMudjEuUGxhY2VzLlNlYXJjaFRleHQQAhgEIAA
,,Mambo Milano,mambomilano@sintagroup.co.il,http://www.mambomilano.co.il/,Haifa,https://maps.google.com/?cid=6346945534906511894&g_mp=Cidnb29nbGUubWFwcy5wbGFjZXMudjEuUGxhY2VzLlNlYXJjaFRleHQQAhgEIAA
,,BP - ביסטרו כשר במפרץ חיפה,events@bprest.co.il,http://www.bprest.co.il/,Haifa,https://maps.google.com/?cid=8506920905653682481&g_mp=Cidnb29nbGUubWFwcy5wbGFjZXMudjEuUGxhY2VzLlNlYXJjaFRleHQQAhgEIAA
,,BP,events@bprest.co.il,http://horev.bprest.co.il/,Haifa,https://maps.google.com/?cid=3583728699540545755&g_mp=Cidnb29nbGUubWFwcy5wbGFjZXMudjEuUGxhY2VzLlNlYXJjaFRleHQQAhgEIAA
,,Cramim Restaurant,cramimid@gmail.com,http://www.cramimrest.co.il/,Beer Sheva,https://maps.google.com/?cid=17452429415466621855&g_mp=Cidnb29nbGUubWFwcy5wbGFjZXMudjEuUGxhY2VzLlNlYXJjaFRleHQQAhgEIAA
,,Bastory,maja@email.com,http://ontopo.com/he/il/page/63121533?source=google,Beer Sheva,https://maps.google.com/?cid=15237713646854405474&g_mp=Cidnb29nbGUubWFwcy5wbGFjZXMudjEuUGxhY2VzLlNlYXJjaFRleHQQAhgEIAA
,,Golden Goose Restaurant,avaz_hazahav@walla.com,https://www.avazhazahav.co.il/,Beer Sheva,https://maps.google.com/?cid=13847664265611437109&g_mp=Cidnb29nbGUubWFwcy5wbGFjZXMudjEuUGxhY2VzLlNlYXJjaFRleHQQAhgEIAA
,,Pitmaster Beer-Sheva - פיטמאסטר באר-שבע,reservations@pitmaster.show,https://pitmaster.show/,Beer Sheva,https://maps.google.com/?cid=1618513883640897564&g_mp=Cidnb29nbGUubWFwcy5wbGFjZXMudjEuUGxhY2VzLlNlYXJjaFRleHQQAhgEIAA
,,Lola Burger (&Beer),lolatikaoffice@gmail.com,https://lola-burgerbeer.web.delivery/,Beer Sheva,https://maps.google.com/?cid=6619938000598853831&g_mp=Cidnb29nbGUubWFwcy5wbGFjZXMudjEuUGxhY2VzLlNlYXJjaFRleHQQAhgEIAA
,,לוצ'נה באר שבע,example@mysite.com,http://www.lucianab7.co.il/,Beer Sheva,https://maps.google.com/?cid=13089319241950713824&g_mp=Cidnb29nbGUubWFwcy5wbGFjZXMudjEuUGxhY2VzLlNlYXJjaFRleHQQAhgEIAA
,,Burgus Burger Bar,service@bbb3.co.il,https://www.burgus.co.il/beer-sheva/,Beer Sheva,https://maps.google.com/?cid=7233583880670972533&g_mp=Cidnb29nbGUubWFwcy5wbGFjZXMudjEuUGxhY2VzLlNlYXJjaFRleHQQAhgEIAA
,,ריבר באר שבע - River,example@mysite.com,http://www.riverb7.co.il/,Beer Sheva,https://maps.google.com/?cid=11397396875268728645&g_mp=Cidnb29nbGUubWFwcy5wbGFjZXMudjEuUGxhY2VzLlNlYXJjaFRleHQQAhgEIAA
,,Kabab Emuna,tal_bagels@walla.com,http://www.kababemuna.co.il/,Beer Sheva,https://maps.google.com/?cid=13596331835523008640&g_mp=Cidnb29nbGUubWFwcy5wbGFjZXMudjEuUGxhY2VzLlNlYXJjaFRleHQQAhgEIAA
,,ליביה - רק הטעם מדבר (כשר),u202Asupport@wolt.com,https://wolt.com/he/isr/beer-sheva/restaurant/libiya,Beer Sheva,https://maps.google.com/?cid=13136246271613905629&g_mp=Cidnb29nbGUubWFwcy5wbGFjZXMudjEuUGxhY2VzLlNlYXJjaFRleHQQAhgEIAA
,,MAREE SKY LOUNGE,russo71@gmail.com,https://www.maree.co.il/,Netanya,https://maps.google.com/?cid=617915526771911767&g_mp=Cidnb29nbGUubWFwcy5wbGFjZXMudjEuUGxhY2VzLlNlYXJjaFRleHQQAhgEIAA
,,Nishi,nishirest@gmail.com,http://nishi.co.il/,Netanya,https://maps.google.com/?cid=3686144529048044381&g_mp=Cidnb29nbGUubWFwcy5wbGFjZXMudjEuUGxhY2VzLlNlYXJjaFRleHQQAhgEIAA
,,the view,theview.rest1@gmail.com,http://theview.co.il/,Netanya,https://maps.google.com/?cid=11485042878414567769&g_mp=Cidnb29nbGUubWFwcy5wbGFjZXMudjEuUGxhY2VzLlNlYXJjaFRleHQQAhgEIAA
,,Alabama,maja@email.com,http://ontopo.co.il/alabama?source=google,Netanya,https://maps.google.com/?cid=10379763863011060834&g_mp=Cidnb29nbGUubWFwcy5wbGFjZXMudjEuUGxhY2VzLlNlYXJjaFRleHQQAhgEIAA
,,HaYekev,hayekevkerem@gmail.com,https://hayekev.co.il/,Netanya,https://maps.google.com/?cid=12344964642669627197&g_mp=Cidnb29nbGUubWFwcy5wbGFjZXMudjEuUGxhY2VzLlNlYXJjaFRleHQQAhgEIAA
,,Mojo Asian Foodbar,mojo.delivery1@gmail.com,https://www.mojorest.co.il/,Netanya,https://maps.google.com/?cid=6227094078315130113&g_mp=Cidnb29nbGUubWFwcy5wbGFjZXMudjEuUGxhY2VzLlNlYXJjaFRleHQQAhgEIAA
,,El Gaucho,%20archive@rol.co.il,https://el-gaucho-na.rol.co.il/,Netanya,https://maps.google.com/?cid=18299628424392040713&g_mp=Cidnb29nbGUubWFwcy5wbGFjZXMudjEuUGxhY2VzLlNlYXJjaFRleHQQAhgEIAA
,,Jem's beer factory,info@jems.co.il,https://www.jems.co.il/,Netanya,https://maps.google.com/?cid=7521870075515625591&g_mp=Cidnb29nbGUubWFwcy5wbGFjZXMudjEuUGxhY2VzLlNlYXJjaFRleHQQAhgEIAA
,,MOJO SAN,mojosan2021@gmail.com,https://mojosan.co.il/,Netanya,https://maps.google.com/?cid=9309225431887270545&g_mp=Cidnb29nbGUubWFwcy5wbGFjZXMudjEuUGxhY2VzLlNlYXJjaFRleHQQAhgEIAA
,,GUSTO NETANYA,jonahanobessi@gmail.com,https://www.gustoisrael.co.il/,Netanya,https://maps.google.com/?cid=13628565117271299256&g_mp=Cidnb29nbGUubWFwcy5wbGFjZXMudjEuUGxhY2VzLlNlYXJjaFRleHQQAhgEIAA
,,Falafel Netanya,falafelnatanya@gmail.com,https://falafelnetanya.co.il/,Netanya,https://maps.google.com/?cid=12028400177393083709&g_mp=Cidnb29nbGUubWFwcy5wbGFjZXMudjEuUGxhY2VzLlNlYXJjaFRleHQQAhgEIAA
,,Dudes Burger,yosrhythm@gmail.com,https://www.mishlohim.co.il/menu/11001/,Netanya,https://maps.google.com/?cid=18128437011495639104&g_mp=Cidnb29nbGUubWFwcy5wbGFjZXMudjEuUGxhY2VzLlNlYXJjaFRleHQQAhgEIAA
,,אל טראס-EL TERRACE,maja@email.com,https://ontopo.com/he/il/page/23623805,Herzliya,https://maps.google.com/?cid=3171619700578140678&g_mp=Cidnb29nbGUubWFwcy5wbGFjZXMudjEuUGxhY2VzLlNlYXJjaFRleHQQAhgEIAA
,,Sebastian,sebastian@noirgroup.co.il,http://www.sebastian.co.il/,Herzliya,https://maps.google.com/?cid=3923194078508251930&g_mp=Cidnb29nbGUubWFwcy5wbGFjZXMudjEuUGxhY2VzLlNlYXJjaFRleHQQAhgEIAA
,,Jem's Yam,info@jems.co.il,https://www.jems.co.il/branches/herzliya/,Herzliya,https://maps.google.com/?cid=4703761274021367523&g_mp=Cidnb29nbGUubWFwcy5wbGFjZXMudjEuUGxhY2VzLlNlYXJjaFRleHQQAhgEIAA
,,Lola Martin,efidagdag@gmail.com,https://lolamartin.co.il/,Herzliya,https://maps.google.com/?cid=15093142638357494657&g_mp=Cidnb29nbGUubWFwcy5wbGFjZXMudjEuUGxhY2VzLlNlYXJjaFRleHQQAhgEIAA
,,Sunset Kitchen,table@sunsetkitchen.co.il,https://sunsetkitchen.co.il/,Herzliya,https://maps.google.com/?cid=5868312301587555567&g_mp=Cidnb29nbGUubWFwcy5wbGFjZXMudjEuUGxhY2VzLlNlYXJjaFRleHQQAhgEIAA
,,רדיו גליל ים,maja@email.com,http://ontopo.com/he/il/page/56360949?source=google,Herzliya,https://maps.google.com/?cid=1899244160391986050&g_mp=Cidnb29nbGUubWFwcy5wbGFjZXMudjEuUGxhY2VzLlNlYXJjaFRleHQQAhgEIAA
,,NONO,sharpstudio.xyz@gmail.com,https://nonomimi.com/,Herzliya,https://maps.google.com/?cid=5670023878871707172&g_mp=Cidnb29nbGUubWFwcy5wbGFjZXMudjEuUGxhY2VzLlNlYXJjaFRleHQQAhgEIAA
,,Calata 15,info@calata15.co.il,http://www.calata15.co.il/,Herzliya,https://maps.google.com/?cid=3171250319064006385&g_mp=Cidnb29nbGUubWFwcy5wbGFjZXMudjEuUGxhY2VzLlNlYXJjaFRleHQQAhgEIAA
,,Minato,contact@minato.co.il,http://minato.co.il/,Herzliya,https://maps.google.com/?cid=17794378557661410389&g_mp=Cidnb29nbGUubWFwcy5wbGFjZXMudjEuUGxhY2VzLlNlYXJjaFRleHQQAhgEIAA
,,Café Gan Sipur,gansipur@gmail.com,https://www.gansipur.co.il/,Herzliya,https://maps.google.com/?cid=9580604034377276129&g_mp=Cidnb29nbGUubWFwcy5wbGFjZXMudjEuUGxhY2VzLlNlYXJjaFRleHQQAhgEIAA
,,Benedict,nastya@benedict.co.il,http://www.benedict.co.il/%D7%91%D7%A0%D7%93%D7%99%D7%A7%D7%98-%D7%94%D7%A8%D7%A6%D7%9C%D7%99%D7%94/,Herzliya,https://maps.google.com/?cid=10230289671376502887&g_mp=Cidnb29nbGUubWFwcy5wbGFjZXMudjEuUGxhY2VzLlNlYXJjaFRleHQQAhgEIAA
,,CasaTua,Info@casatua.co.il,https://www.casatua.co.il/,Herzliya,https://maps.google.com/?cid=7923645960405183395&g_mp=Cidnb29nbGUubWFwcy5wbGFjZXMudjEuUGxhY2VzLlNlYXJjaFRleHQQAhgEIAA
,,Cafe Toscana,shlomis71@yahoo.com,http://cafetoscana.rest.co.il/,Herzliya,https://maps.google.com/?cid=6892973954051792789&g_mp=Cidnb29nbGUubWFwcy5wbGFjZXMudjEuUGxhY2VzLlNlYXJjaFRleHQQAhgEIAA
,,Haparlament,example@mail.com,http://www.haparlament.co.il/,Herzliya,https://maps.google.com/?cid=17801274718564718335&g_mp=Cidnb29nbGUubWFwcy5wbGFjZXMudjEuUGxhY2VzLlNlYXJjaFRleHQQAhgEIAA
,,Kermeet Bar,maja@email.com,http://ontopo.com/he/il/page/15701875?source=google,Ramat Gan,https://maps.google.com/?cid=10452584122239292096&g_mp=Cidnb29nbGUubWFwcy5wbGFjZXMudjEuUGxhY2VzLlNlYXJjaFRleHQQAhgEIAA
,,Frug & Co.,maja@email.com,https://ontopo.com/he/il/page/66519014?source=google,Ramat Gan,https://maps.google.com/?cid=5076924682063636161&g_mp=Cidnb29nbGUubWFwcy5wbGFjZXMudjEuUGxhY2VzLlNlYXJjaFRleHQQAhgEIAA
,,Spicy Grill Bar,yakobov08@gmail.com,https://www.spicybar.co.il/,Ramat Gan,https://maps.google.com/?cid=11753087783721315149&g_mp=Cidnb29nbGUubWFwcy5wbGFjZXMudjEuUGxhY2VzLlNlYXJjaFRleHQQAhgEIAA
,,"Mensa, homemade food",menza.rest@gmail.com,http://www.mnz.co.il/,Ramat Gan,https://maps.google.com/?cid=3118241235106300838&g_mp=Cidnb29nbGUubWFwcy5wbGFjZXMudjEuUGxhY2VzLlNlYXJjaFRleHQQAhgEIAA
,,Trio מאפיה,u202Asupport@wolt.com,https://wolt.com/he/isr/tel-aviv/restaurant/trio-georgian-bakery,Ramat Gan,https://maps.google.com/?cid=8543303927199035049&g_mp=Cidnb29nbGUubWFwcy5wbGFjZXMudjEuUGxhY2VzLlNlYXJjaFRleHQQAhgEIAA
,,שיר לפיצה,4@gmail.com,https://www.mishlohim.co.il/menu/6585/,Ramat Gan,https://maps.google.com/?cid=10777276818705713095&g_mp=Cidnb29nbGUubWFwcy5wbGFjZXMudjEuUGxhY2VzLlNlYXJjaFRleHQQAhgEIAA
,,Beer Garden,09-953-9631beergardenks@gmail.com,https://beer-garden.co.il/Tel-aviv/,Tel Aviv,https://maps.google.com/?cid=11233143265746315256&g_mp=Cidnb29nbGUubWFwcy5wbGFjZXMudjEuUGxhY2VzLlNlYXJjaFRleHQQAhgEIAA
,,Pastory Eilat,Pastory.rest@gmail.com,http://pastory.co.il/,Eilat,https://maps.google.com/?cid=12420276880766813630&g_mp=Cidnb29nbGUubWFwcy5wbGFjZXMudjEuUGxhY2VzLlNlYXJjaFRleHQQAhgEIAA
,,Nine Beach Eilat,Office9beach@gmail.com,http://9beacheilat.com/,Eilat,https://maps.google.com/?cid=10866623907046015684&g_mp=Cidnb29nbGUubWFwcy5wbGFjZXMudjEuUGxhY2VzLlNlYXJjaFRleHQQAhgEIAA
,,Les Sardines,saharmar41@gmail.com,http://les-sardines.net/,Eilat,https://maps.google.com/?cid=3488459793006480659&g_mp=Cidnb29nbGUubWFwcy5wbGFjZXMudjEuUGxhY2VzLlNlYXJjaFRleHQQAhgEIAA
,,Achla - Platinum Grill,achlaeilat@gmail.com,http://achlaeilat.co.il/,Eilat,https://maps.google.com/?cid=12596654298973145531&g_mp=Cidnb29nbGUubWFwcy5wbGFjZXMudjEuUGxhY2VzLlNlYXJjaFRleHQQAhgEIAA
,,Tulum Beach / חוף טולום (מסעדה בשרית כשר),maja@email.com,http://ontopo.com/30916728?source=google,Eilat,https://maps.google.com/?cid=6450815013956449368&g_mp=Cidnb29nbGUubWFwcy5wbGFjZXMudjEuUGxhY2VzLlNlYXJjaFRleHQQAhgEIAA
,,מסעדת פאפי גריל Papi Grill Eilat,Papieilat@gmail.com,https://papigrill.com/,Eilat,https://maps.google.com/?cid=16499955574222481190&g_mp=Cidnb29nbGUubWFwcy5wbGFjZXMudjEuUGxhY2VzLlNlYXJjaFRleHQQAhgEIAA
,,Melody,office@melodyrest.com,http://www.melodyrest.com/,Eilat,https://maps.google.com/?cid=11166250770639192005&g_mp=Cidnb29nbGUubWFwcy5wbGFjZXMudjEuUGxhY2VzLlNlYXJjaFRleHQQAhgEIAA
,,Mike's Place Eilat,c9bmnua3edbefk45be2l0q68ak@group.calendar.google.com,https://www.he.mikesplacebars.com/%D7%93%D7%A3-%D7%94%D7%91%D7%99%D7%AA,Eilat,https://maps.google.com/?cid=8099465180708681455&g_mp=Cidnb29nbGUubWFwcy5wbGFjZXMudjEuUGxhY2VzLlNlYXJjaFRleHQQAhgEIAA
,,Shato Eilat,booking@barakka.co.il,http://shato-eilat.com/,Eilat,https://maps.google.com/?cid=7622847809989273400&g_mp=Cidnb29nbGUubWFwcy5wbGFjZXMudjEuUGxhY2VzLlNlYXJjaFRleHQQAhgEIAA
,,הפינה,u202Asupport@wolt.com,https://wolt.com/he/isr/eilat/restaurant/hapina-eilat,Eilat,https://maps.google.com/?cid=624475818318080639&g_mp=Cidnb29nbGUubWFwcy5wbGFjZXMudjEuUGxhY2VzLlNlYXJjaFRleHQQAhgEIAA
,,Maman Beach restaurant,maja@email.com,https://ontopo.com/he/il/page/63503818?utm_source=ontopo_share_button_venue,Eilat,https://maps.google.com/?cid=8402090909690826121&g_mp=Cidnb29nbGUubWFwcy5wbGFjZXMudjEuUGxhY2VzLlNlYXJjaFRleHQQAhgEIAA
,,Paddy's,paddyseilat@gmail.com,http://www.paddys.co.il/,Eilat,https://maps.google.com/?cid=1414000203208785238&g_mp=Cidnb29nbGUubWFwcy5wbGFjZXMudjEuUGxhY2VzLlNlYXJjaFRleHQQAhgEIAA
,,Tikka Masala - טיקה מסאלה אילת | מסעדה הודית באילת | מסעדה מזרחית באילת,pastorraj.kumar5@gmail.com,http://www.tikkamasala.co.il/,Eilat,https://maps.google.com/?cid=6440275474264107117&g_mp=Cidnb29nbGUubWFwcy5wbGFjZXMudjEuUGxhY2VzLlNlYXJjaFRleHQQAhgEIAA
,,HaMipratz,yochai.yomedia@gmail.com,http://www.hamipratz-eilat.co.il/,Eilat,https://maps.google.com/?cid=5790701743556954162&g_mp=Cidnb29nbGUubWFwcy5wbGFjZXMudjEuUGxhY2VzLlNlYXJjaFRleHQQAhgEIAA
,,Dolphin Reef Restaurant,info@dolphinreef.co.il,http://www.dolphinreef.co.il/,Eilat,https://maps.google.com/?cid=16405704103298142634&g_mp=Cidnb29nbGUubWFwcy5wbGFjZXMudjEuUGxhY2VzLlNlYXJjaFRleHQQAhgEIAA
,,Zipporah skewers Badatz kosher,tziporaeilat@gmail.com,https://www.tziporaeilat.co.il/,Eilat,https://maps.google.com/?cid=4858966933295607590&g_mp=Cidnb29nbGUubWFwcy5wbGFjZXMudjEuUGxhY2VzLlNlYXJjaFRleHQQAhgEIAA
,,Lawrence,AnnaRo@fattal.co.il,http://www.fattal.co.il/herods-vitalis-eilat-hotel/facilities,Eilat,https://maps.google.com/?cid=5269123385663718135&g_mp=Cidnb29nbGUubWFwcy5wbGFjZXMudjEuUGxhY2VzLlNlYXJjaFRleHQQAhgEIAA
,,פריז טקסס אילת - Paris Texas Eilat,paristexasgv@gmail.com,https://paristexasil.co.il/,Eilat,https://maps.google.com/?cid=5816733612635618416&g_mp=Cidnb29nbGUubWFwcy5wbGFjZXMudjEuUGxhY2VzLlNlYXJjaFRleHQQAhgEIAA
,,Rotch,rotchbar@gmail.com,http://www.rotch.co.il/,Rishon LeZion,https://maps.google.com/?cid=17341995579233955690&g_mp=Cidnb29nbGUubWFwcy5wbGFjZXMudjEuUGxhY2VzLlNlYXJjaFRleHQQAhgEIAA
,,Fish Royale,Fishrest2015@gmail.com,http://www.fishroyal.co.il/,Rishon LeZion,https://maps.google.com/?cid=14369941341677737979&g_mp=Cidnb29nbGUubWFwcy5wbGFjZXMudjEuUGxhY2VzLlNlYXJjaFRleHQQAhgEIAA
,,Gan Sipur Café,gansipur@gmail.com,http://www.gansipur.co.il/,Rishon LeZion,https://maps.google.com/?cid=115413718060171031&g_mp=Cidnb29nbGUubWFwcy5wbGFjZXMudjEuUGxhY2VzLlNlYXJjaFRleHQQAhgEIAA
,,Piranha chef,info@website.com,https://piranhachef.com/,Rishon LeZion,https://maps.google.com/?cid=6246801298414189482&g_mp=Cidnb29nbGUubWFwcy5wbGFjZXMudjEuUGxhY2VzLlNlYXJjaFRleHQQAhgEIAA
,,Garden 83 - Beer & Burger,maja@email.com,https://ontopo.com/he/il/page/36069067,Rishon LeZion,https://maps.google.com/?cid=122429139003777819&g_mp=Cidnb29nbGUubWFwcy5wbGFjZXMudjEuUGxhY2VzLlNlYXJjaFRleHQQAhgEIAA
,,Beer House,vicontt@gmail.com,https://beerhouse.rest.co.il/,Rishon LeZion,https://maps.google.com/?cid=7344757478122094515&g_mp=Cidnb29nbGUubWFwcy5wbGFjZXMudjEuUGxhY2VzLlNlYXJjaFRleHQQAhgEIAA
,,Jaja,barakbir@gmail.com,https://www.jaja.co.il/,Rishon LeZion,https://maps.google.com/?cid=5679144820559076642&g_mp=Cidnb29nbGUubWFwcy5wbGFjZXMudjEuUGxhY2VzLlNlYXJjaFRleHQQAhgEIAA
,,Nafis,linet.roza1@nafis.org.il,http://www.nafisholon.co.il/,Rishon LeZion,https://maps.google.com/?cid=5553962540965979903&g_mp=Cidnb29nbGUubWFwcy5wbGFjZXMudjEuUGxhY2VzLlNlYXJjaFRleHQQAhgEIAA
,,BBB Rishon-Letsiyon,service@bbb3.co.il,https://www.burgus.co.il/rishon/,Rishon LeZion,https://maps.google.com/?cid=7169806074212432076&g_mp=Cidnb29nbGUubWFwcy5wbGFjZXMudjEuUGxhY2VzLlNlYXJjaFRleHQQAhgEIAA
,,Transit,sushipark.fi@gmail.com,https://delivery.thesushi.co.il/,Rishon LeZion,https://maps.google.com/?cid=5906117502184819048&g_mp=Cidnb29nbGUubWFwcy5wbGFjZXMudjEuUGxhY2VzLlNlYXJjaFRleHQQAhgEIAA
,,בלה צ'או - בר הופעות חיות,milana.hanukaev@gmail.com,https://live.tickchak.co.il/Bellaciao-live,Rishon LeZion,https://maps.google.com/?cid=16464540418935037211&g_mp=Cidnb29nbGUubWFwcy5wbGFjZXMudjEuUGxhY2VzLlNlYXJjaFRleHQQAhgEIAA
,,שיפודי נתנאל,shipudn14@gmail.com,https://shipudn.co.il/,Rishon LeZion,https://maps.google.com/?cid=17430620680535610518&g_mp=Cidnb29nbGUubWFwcy5wbGFjZXMudjEuUGxhY2VzLlNlYXJjaFRleHQQAhgEIAA
,,Aroi Thai Food Restaurant,aroi.time.to.thai@gmail.com,https://aroi.co.il/?utm_source=google&utm_medium=wix_google_business_profile&utm_campaign=11050246821592661812,Rishon LeZion,https://maps.google.com/?cid=427603989954227096&g_mp=Cidnb29nbGUubWFwcy5wbGFjZXMudjEuUGxhY2VzLlNlYXJjaFRleHQQAhgEIAA
,,דודא לפיצה,dudalapizza@gmail.com,https://www.dudalapizza.co.il/,Rishon LeZion,https://maps.google.com/?cid=17431055760453876292&g_mp=Cidnb29nbGUubWFwcy5wbGFjZXMudjEuUGxhY2VzLlNlYXJjaFRleHQQAhgEIAA
,,מסעדת וואקמה - קיטשן אסייתי,wakamefood@gmail.com,https://www.wakame.co.il/,Rishon LeZion,https://maps.google.com/?cid=13065890679667424001&g_mp=Cidnb29nbGUubWFwcy5wbGFjZXMudjEuUGxhY2VzLlNlYXJjaFRleHQQAhgEIAA
,,רנדוו,restoran.randevu.info@gmail.com,http://www.rondevu.co.il/,Rishon LeZion,https://maps.google.com/?cid=4076810705935535182&g_mp=Cidnb29nbGUubWFwcy5wbGFjZXMudjEuUGxhY2VzLlNlYXJjaFRleHQQAhgEIAA
,,Black&White sushi bar,sushipark.fi@gmail.com,https://delivery.thesushi.co.il/,Rishon LeZion,https://maps.google.com/?cid=11909433826588674452&g_mp=Cidnb29nbGUubWFwcy5wbGFjZXMudjEuUGxhY2VzLlNlYXJjaFRleHQQAhgEIAA
,,Pitmaster,reservations@pitmaster.show,https://pitmaster.show/,Petah Tikva,https://maps.google.com/?cid=1725371633298218591&g_mp=Cidnb29nbGUubWFwcy5wbGFjZXMudjEuUGxhY2VzLlNlYXJjaFRleHQQAhgEIAA
,,LaCarne,lacarne.pt1@gmail.com,https://la-carne.co.il/,Petah Tikva,https://maps.google.com/?cid=17361148657754740502&g_mp=Cidnb29nbGUubWFwcy5wbGFjZXMudjEuUGxhY2VzLlNlYXJjaFRleHQQAhgEIAA
,,קולולו | KULULU,cocktail@kululu.co.il,https://www.kululu.co.il/,Petah Tikva,https://maps.google.com/?cid=10549218626384022023&g_mp=Cidnb29nbGUubWFwcy5wbGFjZXMudjEuUGxhY2VzLlNlYXJjaFRleHQQAhgEIAA
,,EATALIA איטליה | כשר,maja@email.com,https://ontopo.com/he/il/page/24435628,Petah Tikva,https://maps.google.com/?cid=1329829815193132967&g_mp=Cidnb29nbGUubWFwcy5wbGFjZXMudjEuUGxhY2VzLlNlYXJjaFRleHQQAhgEIAA
,,Jems Beer Factory,info@jems.co.il,https://www.jems.co.il/,Petah Tikva,https://maps.google.com/?cid=3405778805664645815&g_mp=Cidnb29nbGUubWFwcy5wbGFjZXMudjEuUGxhY2VzLlNlYXJjaFRleHQQAhgEIAA
,,BBB - Burgus Burger Bar,service@bbb3.co.il,https://www.burgus.co.il/,Petah Tikva,https://maps.google.com/?cid=4458326804361830247&g_mp=Cidnb29nbGUubWFwcy5wbGFjZXMudjEuUGxhY2VzLlNlYXJjaFRleHQQAhgEIAA
,,Secret Pizza,%20secretpiza@gmail.com,https://secretpizza.co.il/,Petah Tikva,https://maps.google.com/?cid=3168539722879296952&g_mp=Cidnb29nbGUubWFwcy5wbGFjZXMudjEuUGxhY2VzLlNlYXJjaFRleHQQAhgEIAA
,,Oscar Wilde Irish Pub | אוסקר ווילד,Yaelsz12@gmail.com,http://www.o-w.co.il/,Petah Tikva,https://maps.google.com/?cid=11945361434940337280&g_mp=Cidnb29nbGUubWFwcy5wbGFjZXMudjEuUGxhY2VzLlNlYXJjaFRleHQQAhgEIAA
,,Piedra פיאדרה,Lapiedraoffice@gmail.com,https://www.lapiedra.co.il/,Petah Tikva,https://maps.google.com/?cid=317893056948644165&g_mp=Cidnb29nbGUubWFwcy5wbGFjZXMudjEuUGxhY2VzLlNlYXJjaFRleHQQAhgEIAA
,,אלוהה פתח תקווה,office@alohatlv.net,https://www.alohatlv.co.il/,Petah Tikva,https://maps.google.com/?cid=9444299145382042518&g_mp=Cidnb29nbGUubWFwcy5wbGFjZXMudjEuUGxhY2VzLlNlYXJjaFRleHQQAhgEIAA
,,Vino,vinorest2707@gmail.com,http://vino-rest.co.il/,Petah Tikva,https://maps.google.com/?cid=7516318039959364020&g_mp=Cidnb29nbGUubWFwcy5wbGFjZXMudjEuUGxhY2VzLlNlYXJjaFRleHQQAhgEIAA
,,Concept Sabich,u202Asupport@wolt.com,https://wolt.com/he/ISR/petah-tikva/restaurant/sabich-concept,Petah Tikva,https://maps.google.com/?cid=12070474444516874141&g_mp=Cidnb29nbGUubWFwcy5wbGFjZXMudjEuUGxhY2VzLlNlYXJjaFRleHQQAhgEIAA
,,בורגרס בר | BURGERS BAR,b4you@burgersbar.co.il,http://www.burgersbar.co.il/,Petah Tikva,https://maps.google.com/?cid=473407832621895334&g_mp=Cidnb29nbGUubWFwcy5wbGFjZXMudjEuUGxhY2VzLlNlYXJjaFRleHQQAhgEIAA
,,מאמיס שווארמה,u202Asupport@wolt.com,https://wolt.com/he/isr/petah-tikva/restaurant/mamis,Petah Tikva,https://maps.google.com/?cid=5065995133382314348&g_mp=Cidnb29nbGUubWFwcy5wbGFjZXMudjEuUGxhY2VzLlNlYXJjaFRleHQQAhgEIAA
,,Sabich Hasharon PTK,u202Asupport@wolt.com,https://bit.ly/48eJbaO,Petah Tikva,https://maps.google.com/?cid=10219885913204486339&g_mp=Cidnb29nbGUubWFwcy5wbGFjZXMudjEuUGxhY2VzLlNlYXJjaFRleHQQAhgEIAA
,,Petra Restaurant,petra.ashdod@gmail.com,https://www.petrarest.co.il/,Ashdod,https://maps.google.com/?cid=1877721833589338321&g_mp=Cidnb29nbGUubWFwcy5wbGFjZXMudjEuUGxhY2VzLlNlYXJjaFRleHQQAhgEIAA
,,Castle,booking@castel.IL,https://www.castlebar.co.il/menu?lang=he,Ashdod,https://maps.google.com/?cid=11721186595757543854&g_mp=Cidnb29nbGUubWFwcy5wbGFjZXMudjEuUGxhY2VzLlNlYXJjaFRleHQQAhgEIAA
,,Story Garden Cafe,gansipur@gmail.com,http://www.gansipur.co.il/,Ashdod,https://maps.google.com/?cid=11434235493187782047&g_mp=Cidnb29nbGUubWFwcy5wbGFjZXMudjEuUGxhY2VzLlNlYXJjaFRleHQQAhgEIAA
,,Space,space.emunim@gmail.com,http://space-rest.co.il/,Ashdod,https://maps.google.com/?cid=529243687359532512&g_mp=Cidnb29nbGUubWFwcy5wbGFjZXMudjEuUGxhY2VzLlNlYXJjaFRleHQQAhgEIAA
,,Ratatui Restaurant,maja@email.com,https://ontopo.co.il/ratatuiemunim/,Ashdod,https://maps.google.com/?cid=8948796847199112195&g_mp=Cidnb29nbGUubWFwcy5wbGFjZXMudjEuUGxhY2VzLlNlYXJjaFRleHQQAhgEIAA
,,BBB,service@bbb3.co.il,http://www.burgus.co.il/,Ashdod,https://maps.google.com/?cid=10280371215397971633&g_mp=Cidnb29nbGUubWFwcy5wbGFjZXMudjEuUGxhY2VzLlNlYXJjaFRleHQQAhgEIAA
,,פוטטוסטאר Potatostar - מתחם סטאר סנטר אשדוד,Potato@o-s-yazamut.com,https://orders.potatostar.co.il/,Ashdod,https://maps.google.com/?cid=6063160423298485221&g_mp=Cidnb29nbGUubWFwcy5wbGFjZXMudjEuUGxhY2VzLlNlYXJjaFRleHQQAhgEIAA
,,קייטרינג השף,A0528797753@gmail.com,https://digitalbizcard.co.il/card/catering-chef/,Eilat,https://maps.google.com/?cid=14009072533313883781&g_mp=Cidnb29nbGUubWFwcy5wbGFjZXMudjEuUGxhY2VzLlNlYXJjaFRleHQQAhgEIAA
,,"מסעדת כרמים, רחובות",cramimid@gmail.com,http://www.cramimrest.co.il/,Rehovot,https://maps.google.com/?cid=14982818385774682165&g_mp=Cidnb29nbGUubWFwcy5wbGFjZXMudjEuUGxhY2VzLlNlYXJjaFRleHQQAhgEIAA
,,Piatto,piattopark@gmail.com,http://www.piatto.co.il/,Rehovot,https://maps.google.com/?cid=12606595547851509891&g_mp=Cidnb29nbGUubWFwcy5wbGFjZXMudjEuUGxhY2VzLlNlYXJjaFRleHQQAhgEIAA
,,Moo v Moo,moovmoo84@gmail.com,http://moovmoo.co.il/,Rehovot,https://maps.google.com/?cid=4058567990363021890&g_mp=Cidnb29nbGUubWFwcy5wbGFjZXMudjEuUGxhY2VzLlNlYXJjaFRleHQQAhgEIAA
,,Ahuzat Margo,info@margo.co.il,https://www.margo.co.il/,Rehovot,https://maps.google.com/?cid=11434701787551448799&g_mp=Cidnb29nbGUubWFwcy5wbGFjZXMudjEuUGxhY2VzLlNlYXJjaFRleHQQAhgEIAA
,,JEM'S BEER FACTORY,info@jems.co.il,http://www.jems.co.il/,Rehovot,https://maps.google.com/?cid=9207647283602291984&g_mp=Cidnb29nbGUubWFwcy5wbGFjZXMudjEuUGxhY2VzLlNlYXJjaFRleHQQAhgEIAA
,,Fabrica Pizzeria Napoletana,maja@email.com,https://ontopo.com/he/il/page/74276065,Rehovot,https://maps.google.com/?cid=17174899756609855691&g_mp=Cidnb29nbGUubWFwcy5wbGFjZXMudjEuUGxhY2VzLlNlYXJjaFRleHQQAhgEIAA
,,בלקינד בר,maja@email.com,https://ontopo.co.il/belkind?source=facebook,Rehovot,https://maps.google.com/?cid=6351419713488581983&g_mp=Cidnb29nbGUubWFwcy5wbGFjZXMudjEuUGxhY2VzLlNlYXJjaFRleHQQAhgEIAA
,,שיפודי הנכד של חנניה רחובות,lIUt.xaV@xutRay.TxaQ,https://order.plweb.online/wl/629172#!/rest/629172/menu,Rehovot,https://maps.google.com/?cid=8365001392918675862&g_mp=Cidnb29nbGUubWFwcy5wbGFjZXMudjEuUGxhY2VzLlNlYXJjaFRleHQQAhgEIAA
,,בורגר סטיישן רחובות BURGER STATION,avdar.ben@gmail.com,https://www.burgerstation.co.il/,Rehovot,https://maps.google.com/?cid=840205598317161575&g_mp=Cidnb29nbGUubWFwcy5wbGFjZXMudjEuUGxhY2VzLlNlYXJjaFRleHQQAhgEIAA
,,פיצה 194,example@mysite.com,https://www.pizza194.co.il/,Rehovot,https://maps.google.com/?cid=4590268519975824394&g_mp=Cidnb29nbGUubWFwcy5wbGFjZXMudjEuUGxhY2VzLlNlYXJjaFRleHQQAhgEIAA
,,נאפו טורטייה רחובות,naposervice1@gmail.com,https://napo.web.delivery/,Rehovot,https://maps.google.com/?cid=7554747681908400403&g_mp=Cidnb29nbGUubWFwcy5wbGFjZXMudjEuUGxhY2VzLlNlYXJjaFRleHQQAhgEIAA
,,נונו מימי כפר סבא,sharpstudio.xyz@gmail.com,https://nonomimi.com/,Kfar Saba,https://maps.google.com/?cid=12932760022843220940&g_mp=Cidnb29nbGUubWFwcy5wbGFjZXMudjEuUGxhY2VzLlNlYXJjaFRleHQQAhgEIAA
,,Home'is הומיז,Homiskfs@gmail.com,https://homeiskfs.co.il/homies/,Kfar Saba,https://maps.google.com/?cid=14454301422526358921&g_mp=Cidnb29nbGUubWFwcy5wbGFjZXMudjEuUGxhY2VzLlNlYXJjaFRleHQQAhgEIAA
,,BURGER STATION KFAR SABA,avdar.ben@gmail.com,https://burgerstation.co.il/,Kfar Saba,https://maps.google.com/?cid=9547930187278076517&g_mp=Cidnb29nbGUubWFwcy5wbGFjZXMudjEuUGxhY2VzLlNlYXJjaFRleHQQAhgEIAA
,,בית הפנקייק המקורי כפר סבא,pnck4u@gmail.com,https://pancake.co.il/,Kfar Saba,https://maps.google.com/?cid=12403764865635223228&g_mp=Cidnb29nbGUubWFwcy5wbGFjZXMudjEuUGxhY2VzLlNlYXJjaFRleHQQAhgEIAA
,,המלביה,hamalabiya@gmail.com,http://hamalabiya.co.il/,Kfar Saba,https://maps.google.com/?cid=797979418605894461&g_mp=Cidnb29nbGUubWFwcy5wbGFjZXMudjEuUGxhY2VzLlNlYXJjaFRleHQQAhgEIAA
,,Jem's Beer Factory,info@jems.co.il,http://www.jems.co.il/,Kfar Saba,https://maps.google.com/?cid=7496030531767900284&g_mp=Cidnb29nbGUubWFwcy5wbGFjZXMudjEuUGxhY2VzLlNlYXJjaFRleHQQAhgEIAA
,,אוניגירו onigiro,onigiroisrael@gmail.com,https://onigiroisrael.com/,Kfar Saba,https://maps.google.com/?cid=7462988270615698023&g_mp=Cidnb29nbGUubWFwcy5wbGFjZXMudjEuUGxhY2VzLlNlYXJjaFRleHQQAhgEIAA
,,תפארת הפלאפל והשווארמה,ayalacohenontheway@gmail.com,https://www.mako.co.il/food-restaurants/street-food-critics/Article-7faba299a10b961006.htm,Kfar Saba,https://maps.google.com/?cid=6998042484223022849&g_mp=Cidnb29nbGUubWFwcy5wbGFjZXMudjEuUGxhY2VzLlNlYXJjaFRleHQQAhgEIAA
,,Nono & Mimi,sharpstudio.xyz@gmail.com,https://nonomimi.com/%D7%A0%D7%95%D7%A0%D7%95-%D7%9E%D7%99%D7%9E%D7%99-%D7%94%D7%95%D7%93-%D7%94%D7%A9%D7%A8%D7%95%D7%9F-%D7%94%D7%9E%D7%95%D7%A9%D7%91%D7%94/,Kfar Saba,https://maps.google.com/?cid=1671520789609072495&g_mp=Cidnb29nbGUubWFwcy5wbGFjZXMudjEuUGxhY2VzLlNlYXJjaFRleHQQAhgEIAA
,,יאשקה - כפר סבא,sivanyashka@gmail.com,https://www.yashka.co.il/,Kfar Saba,https://maps.google.com/?cid=7886907936586044945&g_mp=Cidnb29nbGUubWFwcy5wbGFjZXMudjEuUGxhY2VzLlNlYXJjaFRleHQQAhgEIAA
,,Burgers Kfar Saba,service@bbb3.co.il,https://www.iburgerim.co.il/,Kfar Saba,https://maps.google.com/?cid=10696392483464274126&g_mp=Cidnb29nbGUubWFwcy5wbGFjZXMudjEuUGxhY2VzLlNlYXJjaFRleHQQAhgEIAA
,,קמליה - מסעדה קולינארית בכפר,hagan-04@zahav.net.il,https://camelia.rest.co.il/,Kfar Saba,https://maps.google.com/?cid=17330156643162388536&g_mp=Cidnb29nbGUubWFwcy5wbGFjZXMudjEuUGxhY2VzLlNlYXJjaFRleHQQAhgEIAA
,,יומי סושי ליין,yomiinvoices@gmail.com,http://yomisushi.co.il/,Kfar Saba,https://maps.google.com/?cid=16502908203260092591&g_mp=Cidnb29nbGUubWFwcy5wbGFjZXMudjEuUGxhY2VzLlNlYXJjaFRleHQQAhgEIAA
,,Felicita - Italian cusine,maja@email.com,https://ontopo.co.il/felicita,Ra'anana,https://maps.google.com/?cid=724491346139175640&g_mp=Cidnb29nbGUubWFwcy5wbGFjZXMudjEuUGxhY2VzLlNlYXJjaFRleHQQAhgEIAA
,,אגוסטין Augustine,noa@noirgroup.co.il,https://www.augustine.co.il/,Ra'anana,https://maps.google.com/?cid=10364930450684285766&g_mp=Cidnb29nbGUubWFwcy5wbGFjZXMudjEuUGxhY2VzLlNlYXJjaFRleHQQAhgEIAA
,,Burger Station Raanana,avdar.ben@gmail.com,https://burgerstation.co.il/,Ra'anana,https://maps.google.com/?cid=4896038188399333218&g_mp=Cidnb29nbGUubWFwcy5wbGFjZXMudjEuUGxhY2VzLlNlYXJjaFRleHQQAhgEIAA
,,הפינה אוכל רחוב,hapinastreetfood@gmail.com,http://hapinastreetfood.com/,Ra'anana,https://maps.google.com/?cid=3757111266969355635&g_mp=Cidnb29nbGUubWFwcy5wbGFjZXMudjEuUGxhY2VzLlNlYXJjaFRleHQQAhgEIAA
,,La Rotisserie,support@wolt.com,https://wolt.com/en/isr/hasharon/restaurant/la-rotisserie-raanana,Ra'anana,https://maps.google.com/?cid=9743737046132698653&g_mp=Cidnb29nbGUubWFwcy5wbGFjZXMudjEuUGxhY2VzLlNlYXJjaFRleHQQAhgEIAA
,,"Murphy's Bar, Ra'anana מרפיס",maja@email.com,https://ontopo.co.il/murphysraanana,Ra'anana,https://maps.google.com/?cid=10091464605532895263&g_mp=Cidnb29nbGUubWFwcy5wbGFjZXMudjEuUGxhY2VzLlNlYXJjaFRleHQQAhgEIAA
,,התימניה,piperpen.info@gmail.com,https://temaniya.com/,Ra'anana,https://maps.google.com/?cid=5105662134533242011&g_mp=Cidnb29nbGUubWFwcy5wbGFjZXMudjEuUGxhY2VzLlNlYXJjaFRleHQQAhgEIAA
,,Queen Lu,ande@mikado-themes.com,https://queenlu.co.il/,Ra'anana,https://maps.google.com/?cid=4103077732246057179&g_mp=Cidnb29nbGUubWFwcy5wbGFjZXMudjEuUGxhY2VzLlNlYXJjaFRleHQQAhgEIAA
,,Aziza,info@mako.co.il,https://www.mako.co.il/food-restaurants/restaurant-news/Article-70e353f171a5e61026.htm,Ra'anana,https://maps.google.com/?cid=1537008164581911558&g_mp=Cidnb29nbGUubWFwcy5wbGFjZXMudjEuUGxhY2VzLlNlYXJjaFRleHQQAhgEIAA
,,Tenne,office@tenne-deli.co.il,https://www.tenne-deli.co.il/,Ra'anana,https://maps.google.com/?cid=4291737515105259922&g_mp=Cidnb29nbGUubWFwcy5wbGFjZXMudjEuUGxhY2VzLlNlYXJjaFRleHQQAhgEIAA
,,Migo Food Market,info840@bezeqint.net,https://www.migo-r.co.il/,Ra'anana,https://maps.google.com/?cid=11925284875326243785&g_mp=Cidnb29nbGUubWFwcy5wbGFjZXMudjEuUGxhY2VzLlNlYXJjaFRleHQQAhgEIAA
,,וואקמה רננים,wakamefood@gmail.com,https://www.wakame.co.il/,Ra'anana,https://maps.google.com/?cid=11261810704290505730&g_mp=Cidnb29nbGUubWFwcy5wbGFjZXMudjEuUGxhY2VzLlNlYXJjaFRleHQQAhgEIAA
,,Biga - Gluten free,elad@media-maven.co.il,https://www.biga-bakery.co.il/,Ra'anana,https://maps.google.com/?cid=14340641789010500365&g_mp=Cidnb29nbGUubWFwcy5wbGFjZXMudjEuUGxhY2VzLlNlYXJjaFRleHQQAhgEIAA
,,יאשקה,sivanyashka@gmail.com,https://www.yashka.co.il/,Ra'anana,https://maps.google.com/?cid=6809126507310026783&g_mp=Cidnb29nbGUubWFwcy5wbGFjZXMudjEuUGxhY2VzLlNlYXJjaFRleHQQAhgEIAA
,,שניצל קומפני רעננה,tedkovits@gmail.com,https://www.scompany.co.il/,Ra'anana,https://maps.google.com/?cid=11967795176328014763&g_mp=Cidnb29nbGUubWFwcy5wbGFjZXMudjEuUGxhY2VzLlNlYXJjaFRleHQQAhgEIAA